Src Port,Dst Port,Flow IAT Min,FWD Init Win Bytes,Fwd IAT Min,Flow Duration,Flow Bytes/s,Fwd IAT Total,Bwd Init Win Bytes,Fwd IAT Mean,Bwd Packets/s,Packet Length Std,Fwd Packets/s,Total Length of Fwd Packet,Bwd Bulk Rate Avg
50664,443,0.0,65535,0.0,1.2578330039978027,1051.0139229915685,1.2578330039978027,0,0.12578330039978028,0.0,96.65071132692195,7.95018096060188,132.2,0
443,50664,0.0,65535,0.0,1.2268714904785156,4081.112030769518,1.2268714904785156,0,0.12268714904785157,0.0,556.7970994895717,8.15081292344621,500.7,0
443,50666,0.0,65535,0.0,1.0157735347747803,4398.618242195743,1.0157735347747803,0,0.10157735347747802,0.0,563.7406850671681,9.844714060420193,446.8,0
50666,443,0.0,65535,0.0,1.3651149272918701,4608.403200513055,1.3651149272918701,0,0.136511492729187,0.0,1557.2758554604254,7.325390558755451,629.1,0
50668,443,0.0,65535,0.0,0.8284327983856201,15723.665245248581,0.8284327983856201,0,0.08284327983856202,0.0,3485.0725444386376,12.070985141446783,1302.6,0
443,50668,0.0,65535,0.0,0.8618087768554688,3641.17897644278,0.8618087768554688,0,0.08618087768554687,0.0,478.5701202540752,11.603502155649394,313.8,0
443,50668,0.0,65535,0.0,1.578277826309204,2832.200975954326,0.7164690494537354,0,0.07164690494537354,0.0,237.6,6.336020080434734,133.2,0
